{
  "checkpoint": "models/smalliris_e_40_lr_0_001_in_48_c1_24_c2_48_emb_64_best.pth",
  "input_size": 48,
  "rank_1_acc": 0.9513008672448299,
  "rank_5_acc": 0.9786524349566378,
  "rank_n_accuracies": [
    0.9513008672448299,
    0.9646430953969313,
    0.9699799866577719,
    0.9746497665110073,
    0.9786524349566378,
    0.9826551034022681,
    0.9839893262174784,
    0.9846564376250834,
    0.9873248832555037,
    0.9873248832555037,
    0.9873248832555037,
    0.989993328885924,
    0.989993328885924,
    0.989993328885924,
    0.9906604402935291,
    0.9906604402935291,
    0.9906604402935291,
    0.9906604402935291,
    0.9906604402935291,
    0.9919946631087392,
    0.9919946631087392,
    0.9926617745163442,
    0.9926617745163442,
    0.9926617745163442,
    0.9926617745163442,
    0.9926617745163442,
    0.9926617745163442,
    0.9926617745163442,
    0.9926617745163442,
    0.9933288859239493,
    0.9933288859239493,
    0.9933288859239493,
    0.9933288859239493,
    0.9933288859239493,
    0.9933288859239493,
    0.9933288859239493,
    0.9939959973315544,
    0.9939959973315544,
    0.9939959973315544,
    0.9939959973315544,
    0.9939959973315544,
    0.9946631087391594,
    0.9946631087391594,
    0.9946631087391594,
    0.9953302201467645,
    0.9953302201467645,
    0.9953302201467645,
    0.9959973315543695,
    0.9959973315543695,
    0.9959973315543695
  ]
}