{
  "scenario": "1:N watchlist alarm-rule evaluation",
  "calibration_json": "./results/watchlist_threshold_calibration_48_c1_24_c2_48_emb_64.json",
  "model": "smalliris",
  "checkpoint": "./models/smalliris_e_40_lr_0_001_in_48_c1_24_c2_48_emb_64_best.pth",
  "input_size": 48,
  "threshold_mode": "target_fpr",
  "target_fpr": 0.05,
  "threshold": 0.9529750943183899,
  "template_strategy": "max",
  "watchlist_count": 100,
  "watchlist_identity_names": [
    "751_R",
    "756_L",
    "756_R",
    "757_R",
    "758_L",
    "761_L",
    "761_R",
    "767_R",
    "768_L",
    "770_L",
    "772_L",
    "773_R",
    "774_R",
    "775_R",
    "776_L",
    "778_R",
    "781_R",
    "785_R",
    "789_R",
    "790_R",
    "791_R",
    "799_L",
    "800_R",
    "803_R",
    "805_L",
    "805_R",
    "806_L",
    "807_L",
    "808_L",
    "809_R",
    "812_R",
    "817_R",
    "818_L",
    "820_L",
    "821_L",
    "824_L",
    "825_L",
    "836_L",
    "837_L",
    "838_L",
    "840_R",
    "841_R",
    "842_R",
    "843_L",
    "844_R",
    "846_R",
    "847_L",
    "857_L",
    "858_L",
    "864_R",
    "866_L",
    "867_R",
    "879_L",
    "887_L",
    "889_R",
    "891_L",
    "893_R",
    "897_R",
    "900_R",
    "901_L",
    "904_L",
    "904_R",
    "908_L",
    "910_R",
    "912_R",
    "913_R",
    "915_R",
    "916_L",
    "919_L",
    "921_R",
    "923_L",
    "924_R",
    "928_R",
    "929_R",
    "930_L",
    "933_L",
    "936_R",
    "938_R",
    "939_R",
    "944_L",
    "945_L",
    "947_R",
    "956_L",
    "956_R",
    "957_L",
    "962_L",
    "966_R",
    "972_L",
    "972_R",
    "973_R",
    "977_L",
    "978_L",
    "982_L",
    "985_L",
    "989_L",
    "990_L",
    "991_R",
    "993_L",
    "995_L",
    "998_L"
  ],
  "decision_rule": "For each probe, build templates with template_strategy='max', compute max cosine similarity over watchlist identities, Alarm iff max_score >= threshold; predicted identity is the argmax identity.",
  "metrics": {
    "threshold": 0.9529750943183899,
    "num_probes": 1499,
    "num_watchlist_probes": 300,
    "num_non_watchlist_probes": 1199,
    "num_alarms": 346,
    "tp": 286,
    "tn": 1139,
    "fp": 60,
    "fn": 14,
    "accuracy": 0.9506337558372249,
    "precision_alarm_is_watchlist": 0.8265895953757225,
    "false_alarm_rate": 0.05004170141784821,
    "tpr_watchlist_detection": 0.9533333333333334,
    "frr_watchlist_detection": 0.04666666666666667,
    "top1_identity_accuracy_on_watchlist_probes": 0.9833333333333333,
    "top1_identity_accuracy_on_alarm_watchlist_probes": 1.0,
    "fraction_of_alarms_with_correct_identity": 0.8265895953757225
  },
  "alarm_preview_first_25": [
    {
      "path": "./data/casia-iris-preprocessed/CASIA_thousand_norm_256_64_e_nn_open_set_stacked/test/751_R/S5751R01.png",
      "true_identity": "751_R",
      "pred_identity": "751_R",
      "is_watchlist": true,
      "score": 0.972118616104126,
      "correct_identity": true
    },
    {
      "path": "./data/casia-iris-preprocessed/CASIA_thousand_norm_256_64_e_nn_open_set_stacked/test/751_R/S5751R04.png",
      "true_identity": "751_R",
      "pred_identity": "751_R",
      "is_watchlist": true,
      "score": 0.9851123094558716,
      "correct_identity": true
    },
    {
      "path": "./data/casia-iris-preprocessed/CASIA_thousand_norm_256_64_e_nn_open_set_stacked/test/755_R/S5755R01.png",
      "true_identity": "755_R",
      "pred_identity": "757_R",
      "is_watchlist": false,
      "score": 0.95815509557724,
      "correct_identity": false
    },
    {
      "path": "./data/casia-iris-preprocessed/CASIA_thousand_norm_256_64_e_nn_open_set_stacked/test/755_R/S5755R04.png",
      "true_identity": "755_R",
      "pred_identity": "757_R",
      "is_watchlist": false,
      "score": 0.9569781422615051,
      "correct_identity": false
    },
    {
      "path": "./data/casia-iris-preprocessed/CASIA_thousand_norm_256_64_e_nn_open_set_stacked/test/756_L/S5756L01.png",
      "true_identity": "756_L",
      "pred_identity": "756_L",
      "is_watchlist": true,
      "score": 0.9903842806816101,
      "correct_identity": true
    },
    {
      "path": "./data/casia-iris-preprocessed/CASIA_thousand_norm_256_64_e_nn_open_set_stacked/test/756_L/S5756L06.png",
      "true_identity": "756_L",
      "pred_identity": "756_L",
      "is_watchlist": true,
      "score": 0.9935091733932495,
      "correct_identity": true
    },
    {
      "path": "./data/casia-iris-preprocessed/CASIA_thousand_norm_256_64_e_nn_open_set_stacked/test/756_R/S5756R01.png",
      "true_identity": "756_R",
      "pred_identity": "756_R",
      "is_watchlist": true,
      "score": 0.9968386888504028,
      "correct_identity": true
    },
    {
      "path": "./data/casia-iris-preprocessed/CASIA_thousand_norm_256_64_e_nn_open_set_stacked/test/756_R/S5756R04.png",
      "true_identity": "756_R",
      "pred_identity": "756_R",
      "is_watchlist": true,
      "score": 0.9935965538024902,
      "correct_identity": true
    },
    {
      "path": "./data/casia-iris-preprocessed/CASIA_thousand_norm_256_64_e_nn_open_set_stacked/test/756_R/S5756R06.png",
      "true_identity": "756_R",
      "pred_identity": "756_R",
      "is_watchlist": true,
      "score": 0.9972051978111267,
      "correct_identity": true
    },
    {
      "path": "./data/casia-iris-preprocessed/CASIA_thousand_norm_256_64_e_nn_open_set_stacked/test/757_R/S5757R01.png",
      "true_identity": "757_R",
      "pred_identity": "757_R",
      "is_watchlist": true,
      "score": 0.9909271001815796,
      "correct_identity": true
    },
    {
      "path": "./data/casia-iris-preprocessed/CASIA_thousand_norm_256_64_e_nn_open_set_stacked/test/757_R/S5757R04.png",
      "true_identity": "757_R",
      "pred_identity": "757_R",
      "is_watchlist": true,
      "score": 0.9860224723815918,
      "correct_identity": true
    },
    {
      "path": "./data/casia-iris-preprocessed/CASIA_thousand_norm_256_64_e_nn_open_set_stacked/test/757_R/S5757R06.png",
      "true_identity": "757_R",
      "pred_identity": "757_R",
      "is_watchlist": true,
      "score": 0.9703807234764099,
      "correct_identity": true
    },
    {
      "path": "./data/casia-iris-preprocessed/CASIA_thousand_norm_256_64_e_nn_open_set_stacked/test/758_L/S5758L01.png",
      "true_identity": "758_L",
      "pred_identity": "758_L",
      "is_watchlist": true,
      "score": 0.9904769062995911,
      "correct_identity": true
    },
    {
      "path": "./data/casia-iris-preprocessed/CASIA_thousand_norm_256_64_e_nn_open_set_stacked/test/758_L/S5758L04.png",
      "true_identity": "758_L",
      "pred_identity": "758_L",
      "is_watchlist": true,
      "score": 0.9974521398544312,
      "correct_identity": true
    },
    {
      "path": "./data/casia-iris-preprocessed/CASIA_thousand_norm_256_64_e_nn_open_set_stacked/test/758_L/S5758L06.png",
      "true_identity": "758_L",
      "pred_identity": "758_L",
      "is_watchlist": true,
      "score": 0.9966745376586914,
      "correct_identity": true
    },
    {
      "path": "./data/casia-iris-preprocessed/CASIA_thousand_norm_256_64_e_nn_open_set_stacked/test/761_L/S5761L01.png",
      "true_identity": "761_L",
      "pred_identity": "761_L",
      "is_watchlist": true,
      "score": 0.9782750010490417,
      "correct_identity": true
    },
    {
      "path": "./data/casia-iris-preprocessed/CASIA_thousand_norm_256_64_e_nn_open_set_stacked/test/761_L/S5761L04.png",
      "true_identity": "761_L",
      "pred_identity": "761_L",
      "is_watchlist": true,
      "score": 0.9868437647819519,
      "correct_identity": true
    },
    {
      "path": "./data/casia-iris-preprocessed/CASIA_thousand_norm_256_64_e_nn_open_set_stacked/test/761_L/S5761L06.png",
      "true_identity": "761_L",
      "pred_identity": "761_L",
      "is_watchlist": true,
      "score": 0.9970095157623291,